{"cameraMode":{"drawMode":0,"name":"Shaded","section":"Shading Mode"},"sceneLighting":true,"audioPlay":false,"sceneViewState":{"showFog":true,"showMaterialUpdate":false,"showSkybox":true,"showFlares":true,"showImageEffects":true,"showParticleSystems":true},"in2DMode":false,"pivot":{"x":-3.670255661010742,"y":0.3047828674316406,"z":58.41345977783203},"rotation":{"x":-0.32859039306640627,"y":-0.39962396025657656,"z":0.15606223046779633,"w":-0.8414123058319092},"size":33.89338684082031,"orthographic":false}